"V1","V2","V3","V4","V5","V6","V7","V8","V9","V10","Q1","Q2","Q3","Q4","Q4_TEXT","Q5","Q6","Q6_TEXT","Q7","Q8","Q9","Q10","Q11","Q12","Q13","Q14","Q15","Q16","Q17","Q18","Q19","Q20","Q21","Q22","Q23","Q24","Q25","Q26","Q27","Q28","Q29","Q30","Q31","Q32","Q33","Q34","Q35","Q36","Q37","Q38","Q39","Q40","Q41","Q42","Q43","Q44","Q45","Q46","Q47","Q48","Q49","Q50","Q51","Q52","Q53_X1","Q53_Y1","Q54","Q55","Q56","Q57","Q58","Q59","Q60","Q61","Q62","Q63","Q64","Q65","Q66","Q67","Q68","Q69","Q70","Q71","Q72","Q73","Q74","Q75","Q76","Q77","Q78","Q79","Q80","Q81","Q82","Q83","Q84","Q85","Q86","Q87","Q88","Q89","Q90","Q91","Q92","Q93","Q94","Q95","Q96","Q97","Q98","Q99","Q100","Q101","Q102","Q103","Q104","Q105","DO_BR_FL_73","DO_BR_FL_66","DO_BR_FL_60","DO_BR_FL_54","DO_BR_FL_50","DO_BR_FL_46","DO_BR_FL_42","DO_BR_FL_36","DO_BR_FL_32","DO_BR_FL_28","DO_BR_FL_21","DO_BR_FL_17","LocationLatitude","LocationLongitude","LocationAccuracy"
"R_1eLSz0yueWR6whI","Default Response Set","Anonymous","","","","0",2017-12-18 05:40:07,2017-12-18 05:42:31,1,1,1,"",1,"",23,1,"",2,1,1,1,NA,NA,NA,NA,NA,NA,NA,NA,NA,NA,NA,NA,3,3,2,2,4,3,3,3,3,3,4,4,1,6,6,1,3,4,4,4,4,4,NA,NA,NA,NA,NA,NA,NA,1,NA,NA,4,1,NA,NA,NA,NA,NA,NA,NA,NA,NA,NA,NA,NA,NA,NA,NA,1,1,1,NA,NA,NA,NA,NA,NA,NA,NA,NA,NA,NA,NA,NA,NA,NA,NA,NA,NA,1,5,5,4,4,5,4,NA,NA,NA,NA,NA,NA,NA,"","","","","","","","","","","","Scenario 3 - dominant and unattractive male","","",""
"R_wLboAsTHgqNpzKF","Default Response Set","Anonymous","","","","0",2017-12-18 05:42:40,2017-12-18 05:45:01,1,1,1,"",1,"",22,1,"",1,1,1,1,NA,NA,NA,NA,NA,NA,NA,NA,NA,NA,NA,NA,3,3,3,2,3,2,3,3,4,2,3,3,1,2,4,1,3,3,2,2,3,2,NA,NA,NA,NA,NA,NA,NA,1,NA,NA,6,1,NA,NA,NA,NA,NA,NA,NA,NA,NA,NA,NA,NA,1,1,1,NA,NA,NA,NA,NA,NA,NA,NA,NA,NA,NA,NA,NA,NA,NA,NA,NA,NA,NA,NA,NA,1,5,5,4,5,5,3,NA,NA,NA,NA,NA,NA,NA,"","","","","","","","","","","","Scenario - attractive and non-dominant male","","",""
"R_3Mfjrg3YuktNJxM","Default Response Set","Anonymous","","","","0",2017-12-18 05:45:13,2017-12-18 05:47:51,1,1,1,"",2,"",21,1,"",1,1,1,1,NA,NA,NA,NA,NA,NA,NA,NA,NA,NA,NA,NA,4,4,3,4,5,3,4,4,3,3,4,4,1,2,2,1,4,4,4,4,5,4,NA,NA,NA,NA,NA,NA,NA,1,NA,NA,6,1,NA,NA,NA,NA,NA,NA,NA,NA,NA,NA,NA,NA,NA,NA,NA,NA,NA,NA,NA,NA,NA,NA,NA,NA,NA,NA,NA,1,1,1,NA,NA,NA,NA,NA,NA,1,5,5,5,6,5,4,NA,NA,NA,NA,NA,NA,NA,"","","","","","","","","","","Scenario 6 - attractive and dominant female","","","",""
"R_6u5sHBWmhvYycpj","Default Response Set","Anonymous","","","","0",2017-12-18 05:49:23,2017-12-18 05:51:53,1,1,1,"",1,"",19,1,"",1,1,1,1,NA,NA,NA,NA,NA,NA,NA,NA,NA,NA,NA,NA,2,1,1,2,2,1,1,1,2,1,1,1,1,6,7,1,2,1,1,1,2,2,NA,NA,NA,NA,NA,NA,NA,1,NA,NA,3,1,NA,NA,NA,NA,NA,NA,NA,NA,NA,NA,NA,NA,NA,NA,NA,NA,NA,NA,NA,NA,NA,NA,NA,NA,NA,NA,NA,NA,NA,NA,1,1,1,NA,NA,NA,1,6,6,5,6,6,5,NA,NA,NA,NA,NA,NA,NA,"","","","","","","","","","","","Scenario 4 -Not Dominant and Unattractive male","","",""
"R_2usPH3pjiDMHiWD","Default Response Set","Anonymous","","","","0",2017-12-18 05:51:59,2017-12-18 05:55:50,1,1,1,"",1,"",19,1,"",2,1,1,1,NA,NA,NA,NA,NA,NA,NA,NA,NA,NA,NA,NA,4,3,3,3,5,3,3,3,4,2,3,3,1,2,3,1,4,5,4,5,5,5,NA,NA,NA,NA,NA,NA,NA,1,NA,NA,5,1,NA,NA,NA,NA,NA,NA,NA,NA,NA,NA,NA,NA,NA,NA,NA,NA,NA,NA,NA,NA,NA,NA,NA,NA,NA,NA,NA,NA,NA,NA,NA,NA,NA,1,1,1,1,5,5,5,5,5,4,NA,NA,NA,NA,NA,NA,NA,"","","","","","","","","","","","Scenario 1 - attractive and dominant male","","",""
"R_26fPdQ0g5tB6Biw","Default Response Set","Anonymous","","","","0",2017-12-18 05:55:56,2017-12-18 06:04:52,1,1,1,"",2,"",23,1,"",1,1,1,1,NA,NA,NA,NA,NA,NA,NA,NA,NA,NA,NA,NA,3,3,3,3,4,3,2,3,3,3,4,3,1,2,2,1,3,3,2,3,3,3,NA,NA,NA,NA,NA,NA,NA,1,NA,NA,5,1,NA,NA,NA,NA,NA,NA,NA,NA,NA,NA,NA,NA,NA,NA,NA,NA,NA,NA,1,1,1,NA,NA,NA,NA,NA,NA,NA,NA,NA,NA,NA,NA,NA,NA,NA,1,5,4,5,4,5,3,NA,NA,NA,NA,NA,NA,NA,"","","","","","","","","","","Scenario 5 - attractive and not dominant female","","","",""
"R_2PuNyNr1JeSKNP4","Default Response Set","Anonymous","","","","0",2017-12-11 15:19:12,2017-12-11 15:19:18,0,1,NA,"",NA,"",NA,NA,"",NA,NA,NA,NA,NA,NA,NA,NA,NA,NA,NA,NA,NA,NA,NA,NA,NA,NA,NA,NA,NA,NA,NA,NA,NA,NA,NA,NA,NA,NA,NA,NA,NA,NA,NA,NA,NA,NA,NA,NA,NA,NA,NA,NA,NA,NA,NA,NA,NA,NA,NA,NA,NA,NA,NA,NA,NA,NA,NA,NA,NA,NA,NA,NA,NA,NA,NA,NA,NA,NA,NA,NA,NA,NA,NA,NA,NA,NA,NA,NA,NA,NA,NA,NA,NA,NA,NA,NA,NA,NA,NA,NA,NA,NA,NA,NA,NA,NA,NA,NA,"","","","","","","","","","","","","","",""
"R_2rwGfziuXAo64Dg","Default Response Set","Anonymous","","","","0",2017-12-21 07:19:23,2017-12-21 07:22:19,1,1,1,"",1,"",25,1,"",1,2,NA,NA,NA,NA,NA,NA,NA,NA,NA,NA,NA,NA,NA,NA,2,2,2,3,5,3,3,3,4,2,2,2,1,2,4,1,4,4,4,3,4,4,NA,NA,NA,NA,NA,NA,NA,1,NA,NA,5,1,NA,NA,NA,NA,NA,NA,NA,NA,NA,NA,NA,NA,NA,NA,NA,NA,NA,NA,NA,NA,NA,NA,NA,NA,NA,NA,NA,NA,NA,NA,NA,NA,NA,1,1,1,1,5,5,4,4,5,4,NA,NA,NA,NA,NA,NA,NA,"","","","","","","","","","","","Scenario 1 - attractive and dominant male","","",""
"R_2wh8dnY7vK52OXe","Default Response Set","Anonymous","","","","0",2017-12-21 07:22:27,2017-12-21 07:26:08,1,1,1,"",2,"",21,1,"",1,1,1,1,NA,NA,NA,NA,NA,NA,NA,NA,NA,NA,NA,NA,1,1,1,1,2,2,2,1,2,1,2,1,1,6,5,1,4,3,4,3,4,4,NA,NA,NA,NA,NA,NA,NA,1,NA,NA,3,1,NA,NA,NA,NA,NA,NA,NA,NA,NA,NA,NA,NA,NA,NA,NA,NA,NA,NA,NA,NA,NA,1,1,1,NA,NA,NA,NA,NA,NA,NA,NA,NA,NA,NA,NA,1,5,6,6,5,5,4,NA,NA,NA,NA,NA,NA,NA,"","","","","","","","","","","Scenario 7 - unattractive and dominant female","","","",""
"R_eUTcyfvbcqWf4AN","Default Response Set","Anonymous","","","","0",2017-12-21 07:26:12,2017-12-21 07:29:57,1,1,1,"",1,"",19,1,"",2,1,1,1,NA,NA,NA,NA,NA,NA,NA,NA,NA,NA,NA,NA,3,2,2,2,4,3,3,3,4,2,1,1,1,6,6,1,4,4,4,3,3,4,NA,NA,NA,NA,NA,NA,NA,1,NA,NA,4,1,NA,NA,NA,NA,NA,NA,NA,NA,NA,NA,NA,NA,NA,NA,NA,1,1,1,NA,NA,NA,NA,NA,NA,NA,NA,NA,NA,NA,NA,NA,NA,NA,NA,NA,NA,1,4,4,5,4,5,4,NA,NA,NA,NA,NA,NA,NA,"","","","","","","","","","","","Scenario 3 - dominant and unattractive male","","",""
"R_1JL2yabX0GY2pLh","Default Response Set","Anonymous","","","","0",2017-12-21 07:31:33,2017-12-21 07:33:55,1,1,1,"",1,"",19,1,"",1,1,1,1,NA,NA,NA,NA,NA,NA,NA,NA,NA,NA,NA,NA,3,2,1,1,3,1,1,1,3,1,1,1,1,2,3,1,1,2,2,1,2,2,NA,NA,NA,NA,NA,NA,NA,1,NA,NA,3,1,NA,NA,NA,NA,NA,NA,NA,NA,NA,NA,NA,NA,1,1,1,NA,NA,NA,NA,NA,NA,NA,NA,NA,NA,NA,NA,NA,NA,NA,NA,NA,NA,NA,NA,NA,1,3,3,2,3,3,2,NA,NA,NA,NA,NA,NA,NA,"","","","","","","","","","","","Scenario - attractive and non-dominant male","","",""
"R_2Y2NJ0VPBnv9Awx","Default Response Set","Anonymous","","","","0",2018-01-02 10:11:44,2018-01-02 10:16:39,1,1,1,"",2,"",20,1,"",2,1,1,1,NA,NA,NA,NA,NA,NA,NA,NA,NA,NA,NA,NA,1,1,1,2,1,1,2,1,2,1,2,2,1,7,2,1,2,2,2,1,2,3,NA,NA,NA,NA,NA,NA,NA,1,NA,NA,2,1,NA,NA,NA,NA,NA,NA,NA,NA,NA,NA,NA,NA,NA,NA,NA,NA,NA,NA,NA,NA,NA,NA,NA,NA,1,1,1,NA,NA,NA,NA,NA,NA,NA,NA,NA,1,6,5,5,5,5,5,NA,NA,NA,NA,NA,NA,NA,"","","","","","","","","","","Scenario 8 - unattractive and none dominant female","","","",""
"R_1jqucFgctI8RVow","Default Response Set","Anonymous","","","","0",2018-01-02 10:16:52,2018-01-02 10:23:13,1,1,1,"",2,"",20,1,"",2,1,1,1,NA,NA,NA,NA,NA,NA,NA,NA,NA,NA,NA,NA,3,2,3,1,4,1,2,5,2,2,2,4,1,2,3,1,2,5,4,4,5,2,NA,NA,NA,NA,NA,NA,NA,1,368,38,3,1,NA,NA,NA,NA,NA,NA,NA,NA,NA,NA,NA,NA,NA,NA,NA,NA,NA,NA,1,1,1,NA,NA,NA,NA,NA,NA,NA,NA,NA,NA,NA,NA,NA,NA,NA,1,4,4,3,2,4,1,NA,NA,NA,NA,NA,NA,NA,"","","","","","","","","","","Scenario 5 - attractive and not dominant female","","","",""
"R_2CPU0Y1g8O9W9V7","Default Response Set","Anonymous","","","","0",2018-01-19 03:55:13,2018-01-19 03:57:41,1,1,1,"",1,"",24,1,"",2,1,1,1,NA,NA,NA,NA,NA,NA,NA,NA,NA,NA,NA,NA,2,2,1,1,2,1,1,1,1,1,1,1,1,7,6,1,1,2,2,1,2,2,NA,NA,NA,NA,NA,NA,NA,1,NA,NA,3,1,NA,NA,NA,NA,NA,NA,NA,NA,NA,NA,NA,NA,NA,NA,NA,NA,NA,NA,NA,NA,NA,NA,NA,NA,NA,NA,NA,NA,NA,NA,1,1,1,NA,NA,NA,1,5,5,4,4,5,3,NA,NA,NA,NA,NA,NA,NA,"","","","","","","","","","","","Scenario 4 -Not Dominant and Unattractive male","","",""
"R_33CFJJMOsx6e5YS","Default Response Set","Anonymous","","","","0",2018-01-19 03:57:45,2018-01-19 04:00:15,1,1,1,"",1,"",19,1,"",1,1,1,1,NA,NA,NA,NA,NA,NA,NA,NA,NA,NA,NA,NA,3,2,2,2,4,2,2,2,3,1,2,1,1,6,6,1,4,3,4,3,4,4,NA,NA,NA,NA,NA,NA,NA,1,NA,NA,5,1,NA,NA,NA,NA,NA,NA,NA,NA,NA,NA,NA,NA,NA,NA,NA,1,1,1,NA,NA,NA,NA,NA,NA,NA,NA,NA,NA,NA,NA,NA,NA,NA,NA,NA,NA,1,6,6,4,5,6,4,NA,NA,NA,NA,NA,NA,NA,"","","","","","","","","","","","Scenario 3 - dominant and unattractive male","","",""
"R_ba45m5t4wfdhwad","Default Response Set","Anonymous","","","","0",2018-01-19 04:00:20,2018-01-19 04:03:51,1,1,1,"",1,"",22,1,"",2,1,1,1,NA,NA,NA,NA,NA,NA,NA,NA,NA,NA,NA,NA,2,1,1,1,3,2,2,1,2,1,1,1,1,6,6,1,1,2,2,1,2,1,NA,NA,NA,NA,NA,NA,NA,1,NA,NA,5,1,NA,NA,NA,NA,NA,NA,NA,NA,NA,NA,NA,NA,NA,NA,NA,NA,NA,NA,NA,NA,NA,NA,NA,NA,NA,NA,NA,NA,NA,NA,1,1,1,NA,NA,NA,1,5,4,3,3,5,2,NA,NA,NA,NA,NA,NA,NA,"","","","","","","","","","","","Scenario 4 -Not Dominant and Unattractive male","","",""
"R_3ozTk4EVEXIlcdc","Default Response Set","Anonymous","","","","0",2018-01-19 04:03:54,2018-01-19 04:08:26,1,1,1,"",1,"",19,1,"",1,1,1,1,NA,NA,NA,NA,NA,NA,NA,NA,NA,NA,NA,NA,2,1,2,2,3,2,2,2,3,2,1,1,1,2,4,1,2,2,2,3,3,2,NA,NA,NA,NA,NA,NA,NA,1,NA,NA,4,1,NA,NA,NA,NA,NA,NA,NA,NA,NA,NA,NA,NA,1,1,1,NA,NA,NA,NA,NA,NA,NA,NA,NA,NA,NA,NA,NA,NA,NA,NA,NA,NA,NA,NA,NA,1,6,5,4,2,5,2,NA,NA,NA,NA,NA,NA,NA,"","","","","","","","","","","","Scenario - attractive and non-dominant male","","",""
"R_1r2YUUZ43YwCIwy","Default Response Set","Anonymous","","","","0",2018-01-19 04:08:31,2018-01-19 04:12:25,1,1,1,"",2,"",22,1,"",1,1,1,1,NA,NA,NA,NA,NA,NA,NA,NA,NA,NA,NA,NA,2,2,1,1,2,1,2,2,2,1,1,2,1,5,5,1,3,2,2,2,3,3,NA,NA,NA,NA,NA,NA,NA,1,NA,NA,4,1,NA,NA,NA,NA,NA,NA,NA,NA,NA,NA,NA,NA,NA,NA,NA,NA,NA,NA,NA,NA,NA,NA,NA,NA,1,1,1,NA,NA,NA,NA,NA,NA,NA,NA,NA,1,6,6,5,5,6,2,NA,NA,NA,NA,NA,NA,NA,"","","","","","","","","","","Scenario 8 - unattractive and none dominant female","","","",""
"R_3ltVqmvKXGkjn2d","Default Response Set","Anonymous","","","","0",2018-01-19 04:13:34,2018-01-19 04:22:17,1,1,1,"",2,"",20,1,"",1,1,1,1,NA,NA,NA,NA,NA,NA,NA,NA,NA,NA,NA,NA,4,4,4,3,5,3,4,3,2,3,2,3,1,2,3,1,4,5,4,3,4,5,NA,NA,NA,NA,NA,NA,NA,1,NA,NA,6,1,NA,NA,NA,NA,NA,NA,NA,NA,NA,NA,NA,NA,NA,NA,NA,NA,NA,NA,NA,NA,NA,NA,NA,NA,NA,NA,NA,1,1,1,NA,NA,NA,NA,NA,NA,1,6,5,5,4,5,3,NA,NA,NA,NA,NA,NA,NA,"","","","","","","","","","","Scenario 6 - attractive and dominant female","","","",""
"R_2PbWRzfLZI3Qx5g","Default Response Set","Anonymous","","","","0",2018-01-19 04:22:26,2018-01-19 04:25:22,1,1,1,"",2,"",21,1,"",2,1,1,1,NA,NA,NA,NA,NA,NA,NA,NA,NA,NA,NA,NA,1,2,2,2,3,2,2,3,2,1,1,1,1,6,5,1,3,4,4,3,4,5,NA,NA,NA,NA,NA,NA,NA,1,NA,NA,3,1,NA,NA,NA,NA,NA,NA,NA,NA,NA,NA,NA,NA,NA,NA,NA,NA,NA,NA,NA,NA,NA,1,1,1,NA,NA,NA,NA,NA,NA,NA,NA,NA,NA,NA,NA,1,5,5,4,4,5,4,NA,NA,NA,NA,NA,NA,NA,"","","","","","","","","","","Scenario 7 - unattractive and dominant female","","","",""
"R_2cCWo5tATe4u4nj","Default Response Set","Anonymous","","","","0",2018-01-19 04:25:37,2018-01-19 04:33:16,1,1,1,"",2,"",21,1,"",2,1,1,1,NA,NA,NA,NA,NA,NA,NA,NA,NA,NA,NA,NA,2,2,1,2,3,2,2,1,1,1,1,1,1,6,6,1,4,4,4,4,4,5,NA,NA,NA,NA,NA,NA,NA,1,NA,NA,4,1,NA,NA,NA,NA,NA,NA,NA,NA,NA,NA,NA,NA,NA,NA,NA,NA,NA,NA,NA,NA,NA,1,1,1,NA,NA,NA,NA,NA,NA,NA,NA,NA,NA,NA,NA,1,6,5,5,5,5,4,NA,NA,NA,NA,NA,NA,NA,"","","","","","","","","","","Scenario 7 - unattractive and dominant female","","","",""
"R_2Bi0S8kRZZ13MlU","Default Response Set","Anonymous","","","","0",2018-01-19 04:33:20,2018-01-19 04:37:46,1,1,1,"",1,"",23,1,"",1,1,1,1,NA,NA,NA,NA,NA,NA,NA,NA,NA,NA,NA,NA,3,3,3,4,5,3,2,2,4,3,2,2,1,2,3,1,4,4,4,3,4,5,NA,NA,NA,NA,NA,NA,NA,1,NA,NA,6,1,NA,NA,NA,NA,NA,NA,NA,NA,NA,NA,NA,NA,NA,NA,NA,NA,NA,NA,NA,NA,NA,NA,NA,NA,NA,NA,NA,NA,NA,NA,NA,NA,NA,1,1,1,1,6,3,4,2,4,2,NA,NA,NA,NA,NA,NA,NA,"","","","","","","","","","","","Scenario 1 - attractive and dominant male","","",""
"R_3lzi4v0sCWNPN6C","Default Response Set","Anonymous","","","","0",2018-01-19 05:38:17,2018-01-19 05:40:10,1,1,1,"",2,"",19,1,"",1,1,1,1,NA,NA,NA,NA,NA,NA,NA,NA,NA,NA,NA,NA,1,2,1,1,2,2,1,1,2,1,2,1,1,6,6,1,3,3,3,3,3,3,NA,NA,NA,NA,NA,NA,NA,1,NA,NA,6,1,NA,NA,NA,NA,NA,NA,NA,NA,NA,NA,NA,NA,NA,NA,NA,NA,NA,NA,NA,NA,NA,NA,NA,NA,1,1,1,NA,NA,NA,NA,NA,NA,NA,NA,NA,1,5,5,5,6,5,4,NA,NA,NA,NA,NA,NA,NA,"","","","","","","","","","","Scenario 8 - unattractive and none dominant female","","","",""
"R_poBlNSAznsaD80p","Default Response Set","Anonymous","","","","0",2018-01-19 05:40:13,2018-01-19 05:42:14,1,1,1,"",1,"",22,1,"",2,1,1,1,NA,NA,NA,NA,NA,NA,NA,NA,NA,NA,NA,NA,3,3,2,2,4,2,2,1,3,3,2,2,1,6,7,1,4,4,4,4,4,5,NA,NA,NA,NA,NA,NA,NA,1,NA,NA,3,1,NA,NA,NA,NA,NA,NA,NA,NA,NA,NA,NA,NA,NA,NA,NA,1,1,1,NA,NA,NA,NA,NA,NA,NA,NA,NA,NA,NA,NA,NA,NA,NA,NA,NA,NA,1,5,3,3,2,4,2,NA,NA,NA,NA,NA,NA,NA,"","","","","","","","","","","","Scenario 3 - dominant and unattractive male","","",""
"R_3GCwyFNn6Peizmk","Default Response Set","Anonymous","","","","0",2018-01-19 05:42:17,2018-01-19 05:44:42,1,1,1,"",2,"",23,1,"",2,1,1,1,NA,NA,NA,NA,NA,NA,NA,NA,NA,NA,NA,NA,4,4,3,3,5,3,4,3,3,3,3,2,1,2,2,1,4,4,4,3,4,5,NA,NA,NA,NA,NA,NA,NA,1,NA,NA,4,1,NA,NA,NA,NA,NA,NA,NA,NA,NA,NA,NA,NA,NA,NA,NA,NA,NA,NA,NA,NA,NA,NA,NA,NA,NA,NA,NA,1,1,1,NA,NA,NA,NA,NA,NA,1,4,5,4,4,5,2,NA,NA,NA,NA,NA,NA,NA,"","","","","","","","","","","Scenario 6 - attractive and dominant female","","","",""
"R_22zc6LgEkOJnjNI","Default Response Set","Anonymous","","","","0",2018-01-25 04:45:24,2018-01-25 04:50:59,1,1,1,"",2,"",20,1,"",1,1,1,1,NA,NA,NA,NA,NA,NA,NA,NA,NA,NA,NA,NA,3,3,3,3,4,2,3,3,2,3,2,2,1,2,2,1,1,2,1,2,2,1,NA,NA,NA,NA,NA,NA,NA,1,NA,NA,5,1,NA,NA,NA,NA,NA,NA,NA,NA,NA,NA,NA,NA,NA,NA,NA,NA,NA,NA,1,1,1,NA,NA,NA,NA,NA,NA,NA,NA,NA,NA,NA,NA,NA,NA,NA,1,4,4,5,4,4,2,NA,NA,NA,NA,NA,NA,NA,"","","","","","","","","","","Scenario 5 - attractive and not dominant female","","","",""
"R_1gusV5GvN9bislq","Default Response Set","Anonymous","","","","0",2018-01-25 05:02:38,2018-01-25 05:05:27,1,1,1,"",1,"",22,1,"",1,1,1,1,NA,NA,NA,NA,NA,NA,NA,NA,NA,NA,NA,NA,2,2,2,2,3,1,2,1,3,2,1,1,1,2,4,1,1,2,1,1,2,2,NA,NA,NA,NA,NA,NA,NA,1,NA,NA,4,1,NA,NA,NA,NA,NA,NA,NA,NA,NA,NA,NA,NA,1,1,1,NA,NA,NA,NA,NA,NA,NA,NA,NA,NA,NA,NA,NA,NA,NA,NA,NA,NA,NA,NA,NA,1,6,5,3,3,5,2,NA,NA,NA,NA,NA,NA,NA,"","","","","","","","","","","","Scenario - attractive and non-dominant male","","",""
"R_yIpEmbQF0W64f6N","Default Response Set","Anonymous","","","","0",2018-01-25 05:05:30,2018-01-25 05:11:00,1,1,1,"",1,"",21,1,"",2,1,1,1,NA,NA,NA,NA,NA,NA,NA,NA,NA,NA,NA,NA,1,2,1,2,2,1,1,1,2,1,1,1,1,6,6,1,2,1,2,2,3,2,NA,NA,NA,NA,NA,NA,NA,1,NA,NA,3,1,NA,NA,NA,NA,NA,NA,NA,NA,NA,NA,NA,NA,NA,NA,NA,NA,NA,NA,NA,NA,NA,NA,NA,NA,NA,NA,NA,NA,NA,NA,1,1,1,NA,NA,NA,1,6,5,4,3,5,2,NA,NA,NA,NA,NA,NA,NA,"","","","","","","","","","","","Scenario 4 -Not Dominant and Unattractive male","","",""
"R_1dvv4uLa9spoE3j","Default Response Set","Anonymous","","","","0",2018-01-25 05:11:06,2018-01-25 05:15:47,1,1,1,"",1,"",21,1,"",2,1,1,1,NA,NA,NA,NA,NA,NA,NA,NA,NA,NA,NA,NA,3,3,3,4,5,2,4,2,4,4,2,2,1,2,4,1,4,4,4,5,4,5,NA,NA,NA,NA,NA,NA,NA,1,NA,NA,6,1,NA,NA,NA,NA,NA,NA,NA,NA,NA,NA,NA,NA,NA,NA,NA,NA,NA,NA,NA,NA,NA,NA,NA,NA,NA,NA,NA,NA,NA,NA,NA,NA,NA,1,1,1,1,6,4,4,2,5,3,NA,NA,NA,NA,NA,NA,NA,"","","","","","","","","","","","Scenario 1 - attractive and dominant male","","",""
"R_3qIPmU4aZFcF4rC","Default Response Set","Anonymous","","","","0",2018-01-25 05:15:51,2018-01-25 05:24:54,1,1,1,"",2,"",21,1,"",2,1,1,1,NA,NA,NA,NA,NA,NA,NA,NA,NA,NA,NA,NA,4,4,4,4,5,5,4,5,4,4,4,4,1,2,2,1,4,4,5,4,4,5,NA,NA,NA,NA,NA,NA,NA,1,NA,NA,5,1,NA,NA,NA,NA,NA,NA,NA,NA,NA,NA,NA,NA,NA,NA,NA,NA,NA,NA,1,1,1,NA,NA,NA,NA,NA,NA,NA,NA,NA,NA,NA,NA,NA,NA,NA,1,5,5,4,5,5,4,NA,NA,NA,NA,NA,NA,NA,"","","","","","","","","","","Scenario 5 - attractive and not dominant female","","","",""
"R_3hDymsihKXr3543","Default Response Set","Anonymous","","","","0",2018-01-25 05:26:06,2018-01-25 05:29:09,1,1,1,"",2,"",22,1,"",1,1,1,1,NA,NA,NA,NA,NA,NA,NA,NA,NA,NA,NA,NA,4,3,3,4,5,4,4,4,4,5,3,3,1,2,3,1,3,4,4,3,4,5,NA,NA,NA,NA,NA,NA,NA,1,NA,NA,6,1,NA,NA,NA,NA,NA,NA,NA,NA,NA,NA,NA,NA,NA,NA,NA,NA,NA,NA,NA,NA,NA,NA,NA,NA,NA,NA,NA,1,1,1,NA,NA,NA,NA,NA,NA,1,4,4,3,3,4,2,NA,NA,NA,NA,NA,NA,NA,"","","","","","","","","","","Scenario 6 - attractive and dominant female","","","",""
"R_31tLWlLSu5PHtTb","Default Response Set","Anonymous","","","","0",2018-01-25 05:29:22,2018-01-25 05:33:12,1,1,1,"",2,"",20,1,"",2,1,1,1,NA,NA,NA,NA,NA,NA,NA,NA,NA,NA,NA,NA,2,2,1,2,2,1,1,1,2,1,2,2,1,6,7,1,4,3,4,3,4,5,NA,NA,NA,NA,NA,NA,NA,1,NA,NA,3,1,NA,NA,NA,NA,NA,NA,NA,NA,NA,NA,NA,NA,NA,NA,NA,NA,NA,NA,NA,NA,NA,1,1,1,NA,NA,NA,NA,NA,NA,NA,NA,NA,NA,NA,NA,1,5,6,6,6,5,5,NA,NA,NA,NA,NA,NA,NA,"","","","","","","","","","","Scenario 7 - unattractive and dominant female","","","",""
"R_3iXtnReZZhLDQpO","Default Response Set","Anonymous","","","","0",2018-01-25 05:33:29,2018-01-25 05:35:51,1,1,1,"",1,"",25,1,"",1,1,1,1,NA,NA,NA,NA,NA,NA,NA,NA,NA,NA,NA,NA,2,1,1,2,2,1,1,1,2,1,1,1,1,6,7,1,1,1,2,2,1,3,NA,NA,NA,NA,NA,NA,NA,1,NA,NA,2,1,NA,NA,NA,NA,NA,NA,NA,NA,NA,NA,NA,NA,NA,NA,NA,NA,NA,NA,NA,NA,NA,NA,NA,NA,NA,NA,NA,NA,NA,NA,1,1,1,NA,NA,NA,1,6,5,4,4,6,2,NA,NA,NA,NA,NA,NA,NA,"","","","","","","","","","","","Scenario 4 -Not Dominant and Unattractive male","","",""
"R_2TXbnFLW2wG9Huk","Default Response Set","Anonymous","","","","0",2018-01-25 05:35:59,2018-01-25 05:39:00,1,1,1,"",1,"",24,1,"",2,1,1,1,NA,NA,NA,NA,NA,NA,NA,NA,NA,NA,NA,NA,4,3,3,4,5,4,4,2,5,4,2,2,1,2,3,1,4,4,5,4,5,5,NA,NA,NA,NA,NA,NA,NA,1,NA,NA,6,1,NA,NA,NA,NA,NA,NA,NA,NA,NA,NA,NA,NA,NA,NA,NA,NA,NA,NA,NA,NA,NA,NA,NA,NA,NA,NA,NA,NA,NA,NA,NA,NA,NA,1,1,1,1,6,3,3,2,5,2,NA,NA,NA,NA,NA,NA,NA,"","","","","","","","","","","","Scenario 1 - attractive and dominant male","","",""
"R_2qrTsLeV26EKrHh","Default Response Set","Anonymous","","","","0",2018-01-26 03:47:44,2018-01-26 03:51:06,1,1,1,"",1,"",24,1,"",2,2,NA,NA,NA,NA,NA,NA,NA,NA,NA,NA,NA,NA,NA,NA,2,2,2,2,4,3,2,1,3,2,1,1,1,2,4,1,2,3,2,2,2,3,NA,NA,NA,NA,NA,NA,NA,1,NA,NA,4,1,NA,NA,NA,NA,NA,NA,NA,NA,NA,NA,NA,NA,1,1,1,NA,NA,NA,NA,NA,NA,NA,NA,NA,NA,NA,NA,NA,NA,NA,NA,NA,NA,NA,NA,NA,1,6,5,4,3,5,3,NA,NA,NA,NA,NA,NA,NA,"","","","","","","","","","","","Scenario - attractive and non-dominant male","","",""
"R_DUojhqu2loppoVH","Default Response Set","Anonymous","","","","0",2018-01-31 02:17:03,2018-01-31 02:21:41,1,1,1,"",2,"",22,1,"",1,1,1,1,NA,NA,NA,NA,NA,NA,NA,NA,NA,NA,NA,NA,2,2,1,2,2,2,2,1,2,1,1,1,1,6,6,1,3,3,2,3,3,3,NA,NA,NA,NA,NA,NA,NA,1,NA,NA,3,1,NA,NA,NA,NA,NA,NA,NA,NA,NA,NA,NA,NA,NA,NA,NA,NA,NA,NA,NA,NA,NA,NA,NA,NA,1,1,1,NA,NA,NA,NA,NA,NA,NA,NA,NA,1,5,5,6,4,5,2,NA,NA,NA,NA,NA,NA,NA,"","","","","","","","","","","Scenario 8 - unattractive and none dominant female","","","",""
"R_2t0atzcbIbWO7lD","Default Response Set","Anonymous","","","","0",2018-01-31 02:21:53,2018-01-31 02:35:30,1,1,1,"",1,"",20,2,"",2,1,1,1,NA,NA,NA,NA,NA,NA,NA,NA,NA,NA,NA,NA,3,3,3,3,4,3,4,3,3,4,3,3,1,2,2,1,2,2,2,2,2,3,1,5,4,4,4,5,1,1,NA,NA,6,1,NA,NA,NA,1,1,1,NA,NA,NA,NA,NA,NA,NA,NA,NA,NA,NA,NA,NA,NA,NA,NA,NA,NA,NA,NA,NA,NA,NA,NA,NA,NA,NA,NA,NA,NA,NA,NA,NA,NA,NA,NA,NA,NA,NA,NA,NA,NA,NA,NA,"","Scenario 10 - non dominant and attractive male for homosexuals","","","","","","","","","","","","",""
"R_1n9Gp9q1gueJPy7","Default Response Set","Anonymous","","","","0",2018-02-08 06:04:07,2018-02-08 06:10:42,1,1,1,"",2,"",22,1,"",2,1,1,1,NA,NA,NA,NA,NA,NA,NA,NA,NA,NA,NA,NA,4,3,3,4,4,4,4,5,3,4,3,3,1,2,3,1,4,4,5,4,5,5,NA,NA,NA,NA,NA,NA,NA,1,NA,NA,5,1,NA,NA,NA,NA,NA,NA,NA,NA,NA,NA,NA,NA,NA,NA,NA,NA,NA,NA,NA,NA,NA,NA,NA,NA,NA,NA,NA,1,1,1,NA,NA,NA,NA,NA,NA,1,5,5,5,4,5,NA,NA,NA,NA,NA,NA,NA,NA,"","","","","","","","","","","Scenario 6 - attractive and dominant female","","","",""
"R_SZzasKRsCzdM7jX","Default Response Set","Anonymous","","","","0",2018-02-08 06:10:57,2018-02-08 06:13:37,1,1,1,"",1,"",24,1,"",2,1,1,1,NA,NA,NA,NA,NA,NA,NA,NA,NA,NA,NA,NA,3,3,3,4,4,3,3,3,4,2,2,2,1,6,6,1,4,4,4,4,5,5,NA,NA,NA,NA,NA,NA,NA,1,NA,NA,5,1,NA,NA,NA,NA,NA,NA,NA,NA,NA,NA,NA,NA,NA,NA,NA,1,1,1,NA,NA,NA,NA,NA,NA,NA,NA,NA,NA,NA,NA,NA,NA,NA,NA,NA,NA,1,6,5,4,4,5,5,NA,NA,NA,NA,NA,NA,NA,"","","","","","","","","","","","Scenario 3 - dominant and unattractive male","","",""
"R_2Cpvt5jYycao4gB","Default Response Set","Anonymous","","","","0",2018-02-08 06:13:43,2018-02-08 06:17:20,1,1,1,"",1,"",22,1,"",1,1,1,1,NA,NA,NA,NA,NA,NA,NA,NA,NA,NA,NA,NA,2,2,2,2,3,3,2,2,3,2,2,1,1,6,6,1,2,1,1,2,3,3,NA,NA,NA,NA,NA,NA,NA,1,NA,NA,4,1,NA,NA,NA,NA,NA,NA,NA,NA,NA,NA,NA,NA,NA,NA,NA,NA,NA,NA,NA,NA,NA,NA,NA,NA,NA,NA,NA,NA,NA,NA,1,1,1,NA,NA,NA,1,6,5,3,3,5,5,NA,NA,NA,NA,NA,NA,NA,"","","","","","","","","","","","Scenario 4 -Not Dominant and Unattractive male","","",""
"R_BP6c59BaizhBNPX","Default Response Set","Anonymous","","","","0",2018-02-09 03:51:39,2018-02-09 03:55:51,1,1,1,"",2,"",19,1,"",2,1,1,1,NA,NA,NA,NA,NA,NA,NA,NA,NA,NA,NA,NA,4,3,4,4,4,3,4,4,3,4,3,3,1,2,4,1,2,3,2,2,2,3,NA,NA,NA,NA,NA,NA,NA,1,NA,NA,5,1,NA,NA,NA,NA,NA,NA,NA,NA,NA,NA,NA,NA,NA,NA,NA,NA,NA,NA,1,1,1,NA,NA,NA,NA,NA,NA,NA,NA,NA,NA,NA,NA,NA,NA,NA,1,6,6,5,5,5,5,NA,NA,NA,NA,NA,NA,NA,"","","","","","","","","","","Scenario 5 - attractive and not dominant female","","","",""
"R_VPAlVXUxIy8Q0Gl","Default Response Set","Anonymous","","","","0",2018-02-16 05:09:10,2018-02-16 05:11:35,1,1,1,"",1,"",23,1,"",2,1,1,1,NA,NA,NA,NA,NA,NA,NA,NA,NA,NA,NA,NA,3,4,3,4,4,3,4,2,4,3,3,3,1,3,3,1,4,4,4,4,5,5,NA,NA,NA,NA,NA,NA,NA,1,NA,NA,5,1,NA,NA,NA,NA,NA,NA,NA,NA,NA,NA,NA,NA,NA,NA,NA,NA,NA,NA,NA,NA,NA,NA,NA,NA,NA,NA,NA,NA,NA,NA,NA,NA,NA,1,1,1,1,6,5,3,3,5,5,NA,NA,NA,NA,NA,NA,NA,"","","","","","","","","","","","Scenario 1 - attractive and dominant male","","",""
"R_bqMIxjAXTocblmh","Default Response Set","Anonymous","","","","0",2018-02-16 05:11:41,2018-02-16 05:13:51,1,1,1,"",1,"",22,1,"",1,1,1,1,NA,NA,NA,NA,NA,NA,NA,NA,NA,NA,NA,NA,3,3,3,3,3,2,2,2,3,2,2,2,1,2,3,1,2,2,1,1,1,3,NA,NA,NA,NA,NA,NA,NA,1,NA,NA,2,1,NA,NA,NA,NA,NA,NA,NA,NA,NA,NA,NA,NA,1,1,1,NA,NA,NA,NA,NA,NA,NA,NA,NA,NA,NA,NA,NA,NA,NA,NA,NA,NA,NA,NA,NA,1,3,2,2,2,4,2,NA,NA,NA,NA,NA,NA,NA,"","","","","","","","","","","","Scenario - attractive and non-dominant male","","",""
"R_3M5zzjcq0flWx4i","Default Response Set","Anonymous","","","","0",2018-02-16 05:13:59,2018-02-16 05:17:05,1,1,1,"",2,"",19,3,"",2,2,NA,NA,NA,NA,NA,NA,NA,NA,NA,NA,NA,NA,NA,NA,1,2,1,2,2,1,2,1,2,1,2,1,1,6,6,1,3,3,3,2,2,3,NA,NA,NA,NA,NA,NA,NA,1,NA,NA,3,1,NA,NA,NA,NA,NA,NA,NA,NA,NA,NA,NA,NA,NA,NA,NA,NA,NA,NA,NA,NA,NA,NA,NA,NA,1,1,1,NA,NA,NA,NA,NA,NA,NA,NA,NA,NA,NA,NA,NA,NA,NA,NA,1,5,4,4,3,5,2,"","","","","","","","","Scenario 8 - unattractive and none dominant female","","","","","",""
"R_T7bHpWV29zn0gV3","Default Response Set","Anonymous","","","","0",2018-02-16 05:17:17,2018-02-16 05:19:21,1,1,1,"",2,"",20,1,"",2,2,NA,NA,NA,NA,NA,NA,NA,NA,NA,NA,NA,NA,NA,NA,NA,NA,NA,NA,NA,NA,NA,NA,NA,NA,NA,NA,1,NA,NA,1,NA,NA,NA,NA,NA,NA,NA,NA,NA,NA,NA,NA,NA,1,NA,NA,NA,1,NA,NA,NA,NA,NA,NA,NA,NA,NA,NA,NA,NA,NA,NA,NA,NA,NA,NA,NA,NA,NA,NA,NA,NA,1,1,1,NA,NA,NA,NA,NA,NA,NA,NA,NA,1,NA,NA,NA,NA,NA,NA,NA,NA,NA,NA,NA,NA,NA,"","","","","","","","","","","Scenario 8 - unattractive and none dominant female","","","",""
"R_20UUfEllf7bWeqo","Default Response Set","Anonymous","","","","0",2018-02-16 05:19:23,2018-02-16 05:21:50,1,1,1,"",2,"",20,1,"",2,1,1,1,NA,NA,NA,NA,NA,NA,NA,NA,NA,NA,NA,NA,2,2,1,2,2,1,2,1,2,1,2,1,1,6,7,1,4,3,4,4,4,5,NA,NA,NA,NA,NA,NA,NA,1,NA,NA,2,1,NA,NA,NA,NA,NA,NA,NA,NA,NA,NA,NA,NA,NA,NA,NA,NA,NA,NA,NA,NA,NA,1,1,1,NA,NA,NA,NA,NA,NA,NA,NA,NA,NA,NA,NA,1,4,4,3,3,4,2,NA,NA,NA,NA,NA,NA,NA,"","","","","","","","","","","Scenario 7 - unattractive and dominant female","","","",""
"R_3J91EPQQGqCRLVo","Default Response Set","Anonymous","","","","0",2018-02-16 05:22:10,2018-02-16 05:25:11,1,1,1,"",2,"",20,1,"",1,1,1,1,NA,NA,NA,NA,NA,NA,NA,NA,NA,NA,NA,NA,4,3,3,4,5,4,4,3,4,4,3,2,1,3,4,1,3,3,4,3,4,3,NA,NA,NA,NA,NA,NA,NA,1,NA,NA,6,1,NA,NA,NA,NA,NA,NA,NA,NA,NA,NA,NA,NA,NA,NA,NA,NA,NA,NA,1,1,1,NA,NA,NA,NA,NA,NA,NA,NA,NA,NA,NA,NA,NA,NA,NA,1,5,5,5,3,5,3,NA,NA,NA,NA,NA,NA,NA,"","","","","","","","","","","Scenario 5 - attractive and not dominant female","","","",""
"R_2qE0xRUWG4FNZO6","Default Response Set","Anonymous","","","","0",2018-02-16 05:25:26,2018-02-16 05:28:16,1,1,1,"",1,"",25,1,"",2,1,1,1,NA,NA,NA,NA,NA,NA,NA,NA,NA,NA,NA,NA,3,3,3,4,5,3,3,4,4,3,3,2,1,6,5,1,4,4,4,5,4,5,NA,NA,NA,NA,NA,NA,NA,1,NA,NA,4,1,NA,NA,NA,NA,NA,NA,NA,NA,NA,NA,NA,NA,NA,NA,NA,1,1,1,NA,NA,NA,NA,NA,NA,NA,NA,NA,NA,NA,NA,NA,NA,NA,NA,NA,NA,1,5,4,2,2,5,2,NA,NA,NA,NA,NA,NA,NA,"","","","","","","","","","","","Scenario 3 - dominant and unattractive male","","",""
"R_xgBxoWdOSXtyhC9","Default Response Set","Anonymous","","","","0",2018-02-16 05:28:23,2018-02-16 05:32:52,1,1,1,"",2,"",20,1,"",2,1,1,1,NA,NA,NA,NA,NA,NA,NA,NA,NA,NA,NA,NA,4,4,5,5,5,4,4,5,4,4,4,4,1,2,3,1,4,5,5,4,4,5,NA,NA,NA,NA,NA,NA,NA,1,NA,NA,4,1,NA,NA,NA,NA,NA,NA,NA,NA,NA,NA,NA,NA,NA,NA,NA,NA,NA,NA,NA,NA,NA,NA,NA,NA,NA,NA,NA,1,1,1,NA,NA,NA,NA,NA,NA,1,5,6,5,4,5,1,NA,NA,NA,NA,NA,NA,NA,"","","","","","","","","","","Scenario 6 - attractive and dominant female","","","",""
"R_qDsYZ4elJK1v9BL","Default Response Set","Anonymous","","","","0",2018-02-16 05:33:00,2018-02-16 05:39:21,1,1,1,"",1,"",21,1,"",1,1,NA,1,NA,NA,NA,NA,NA,NA,NA,NA,NA,NA,NA,NA,3,3,2,2,4,2,2,2,3,2,2,2,1,4,4,1,2,2,2,2,2,3,NA,NA,NA,NA,NA,NA,NA,1,NA,NA,4,1,NA,NA,NA,NA,NA,NA,NA,NA,NA,NA,NA,NA,1,1,1,NA,NA,NA,NA,NA,NA,NA,NA,NA,NA,NA,NA,NA,NA,NA,NA,NA,NA,NA,NA,NA,1,5,4,4,4,5,3,NA,NA,NA,NA,NA,NA,NA,"","","","","","","","","","","","Scenario - attractive and non-dominant male","","",""
"R_115SVWspwJhDAgU","Default Response Set","Anonymous","","","","0",2018-02-16 05:40:09,2018-02-16 06:27:40,1,1,1,"",2,"",23,1,"",1,1,1,1,NA,NA,NA,NA,NA,NA,NA,NA,NA,NA,NA,NA,1,1,1,2,2,2,2,1,2,1,2,1,1,6,6,1,1,2,2,2,1,3,NA,NA,NA,NA,NA,NA,NA,1,NA,NA,2,1,NA,NA,NA,NA,NA,NA,NA,NA,NA,NA,NA,NA,NA,NA,NA,NA,NA,NA,NA,NA,NA,NA,NA,NA,1,1,1,NA,NA,NA,NA,NA,NA,NA,NA,NA,1,6,5,5,4,5,5,NA,NA,NA,NA,NA,NA,NA,"","","","","","","","","","","Scenario 8 - unattractive and none dominant female","","","",""
"R_29n9b7FxpsgIXK5","Default Response Set","Anonymous","","","","0",2018-02-16 06:27:47,2018-02-16 06:30:16,1,1,1,"",2,"",24,1,"",2,1,1,1,NA,NA,NA,NA,NA,NA,NA,NA,NA,NA,NA,NA,2,2,2,2,2,1,2,2,3,1,2,1,1,6,6,1,4,4,4,4,4,5,NA,NA,NA,NA,NA,NA,NA,1,NA,NA,2,1,NA,NA,NA,NA,NA,NA,NA,NA,NA,NA,NA,NA,NA,NA,NA,NA,NA,NA,NA,NA,NA,1,1,1,NA,NA,NA,NA,NA,NA,NA,NA,NA,NA,NA,NA,1,5,5,6,5,5,6,NA,NA,NA,NA,NA,NA,NA,"","","","","","","","","","","Scenario 7 - unattractive and dominant female","","","",""
"R_3O03U8F2KXG7eI0","Default Response Set","Anonymous","","","","0",2018-02-16 06:30:22,2018-02-16 06:33:39,1,1,1,"",1,"",21,1,"",2,1,1,1,NA,NA,NA,NA,NA,NA,NA,NA,NA,NA,NA,NA,1,1,2,2,2,1,2,1,2,1,1,1,1,7,7,1,2,2,1,1,1,2,NA,NA,NA,NA,NA,NA,NA,1,NA,NA,2,1,NA,NA,NA,NA,NA,NA,NA,NA,NA,NA,NA,NA,NA,NA,NA,NA,NA,NA,NA,NA,NA,NA,NA,NA,NA,NA,NA,NA,NA,NA,1,1,1,NA,NA,NA,1,5,6,3,5,6,4,NA,NA,NA,NA,NA,NA,NA,"","","","","","","","","","","","Scenario 4 -Not Dominant and Unattractive male","","",""
"R_1JUuWmFjocCaRdR","Default Response Set","Anonymous","","","","0",2018-02-16 06:33:50,2018-02-16 06:38:17,1,1,1,"",2,"",22,1,"",2,1,1,1,NA,NA,NA,NA,NA,NA,NA,NA,NA,NA,NA,NA,4,4,5,4,5,4,4,3,4,5,4,4,1,2,1,1,4,4,5,5,5,5,NA,NA,NA,NA,NA,NA,NA,1,NA,NA,5,1,NA,NA,NA,NA,NA,NA,NA,NA,NA,NA,NA,NA,NA,NA,NA,NA,NA,NA,NA,NA,NA,NA,NA,NA,NA,NA,NA,1,1,1,NA,NA,NA,NA,NA,NA,1,3,3,3,2,3,3,NA,NA,NA,NA,NA,NA,NA,"","","","","","","","","","","Scenario 6 - attractive and dominant female","","","",""
"R_3iPtulTGbc1Oyq6","Default Response Set","Anonymous","","","","0",2018-02-16 06:38:24,2018-02-16 06:43:11,1,1,1,"",2,"",23,1,"",1,1,1,1,NA,NA,NA,NA,NA,NA,NA,NA,NA,NA,NA,NA,2,2,1,2,2,1,1,1,2,1,1,1,1,6,5,1,4,4,4,4,4,5,NA,NA,NA,NA,NA,NA,NA,1,NA,NA,3,1,NA,NA,NA,NA,NA,NA,NA,NA,NA,NA,NA,NA,NA,NA,NA,NA,NA,NA,NA,NA,NA,1,1,1,NA,NA,NA,NA,NA,NA,NA,NA,NA,NA,NA,NA,1,5,5,4,4,5,4,NA,NA,NA,NA,NA,NA,NA,"","","","","","","","","","","Scenario 7 - unattractive and dominant female","","","",""
"R_25ziyWccDP8kukq","Default Response Set","Anonymous","","","","0",2018-02-16 06:43:16,2018-02-16 06:46:52,1,1,1,"",2,"",20,1,"",1,1,1,1,NA,NA,NA,NA,NA,NA,NA,NA,NA,NA,NA,NA,2,2,1,2,2,1,1,1,2,1,2,1,1,6,6,1,1,2,2,2,1,2,NA,NA,NA,NA,NA,NA,NA,1,NA,NA,3,1,NA,NA,NA,NA,NA,NA,NA,NA,NA,NA,NA,NA,NA,NA,NA,NA,NA,NA,NA,NA,NA,NA,NA,NA,1,1,1,NA,NA,NA,NA,NA,NA,NA,NA,NA,1,5,4,4,3,5,3,NA,NA,NA,NA,NA,NA,NA,"","","","","","","","","","","Scenario 8 - unattractive and none dominant female","","","",""
"R_RQ6idGIl4CVNSfv","Default Response Set","Anonymous","","","","0",2018-02-16 06:46:54,2018-02-16 06:49:38,1,1,1,"",1,"",22,1,"",1,1,1,1,NA,NA,NA,NA,NA,NA,NA,NA,NA,NA,NA,NA,3,4,3,4,5,4,5,3,4,4,3,3,1,3,4,1,4,5,4,5,5,5,NA,NA,NA,NA,NA,NA,NA,1,NA,NA,6,1,NA,NA,NA,NA,NA,NA,NA,NA,NA,NA,NA,NA,NA,NA,NA,NA,NA,NA,NA,NA,NA,NA,NA,NA,NA,NA,NA,NA,NA,NA,NA,NA,NA,1,1,1,1,6,6,5,5,6,5,NA,NA,NA,NA,NA,NA,NA,"","","","","","","","","","","","Scenario 1 - attractive and dominant male","","",""
"R_3reX9NAQKoRMsrn","Default Response Set","Anonymous","","","","0",2018-02-16 06:49:41,2018-02-16 06:55:43,1,1,1,"",1,"",23,1,"",2,1,1,1,NA,NA,NA,NA,NA,NA,NA,NA,NA,NA,NA,NA,2,2,2,2,3,3,2,1,3,1,1,1,1,6,7,1,4,4,4,5,5,5,NA,NA,NA,NA,NA,NA,NA,1,NA,NA,3,1,NA,NA,NA,NA,NA,NA,NA,NA,NA,NA,NA,NA,NA,NA,NA,1,1,1,NA,NA,NA,NA,NA,NA,NA,NA,NA,NA,NA,NA,NA,NA,NA,NA,NA,NA,1,6,6,4,4,6,3,NA,NA,NA,NA,NA,NA,NA,"","","","","","","","","","","","Scenario 3 - dominant and unattractive male","","",""
"R_3lFWxOFRWvCpFk3","Default Response Set","Anonymous","","","","0",2018-02-16 06:56:07,2018-02-16 07:05:53,1,1,1,"",1,"",24,1,"",1,1,1,1,NA,NA,NA,NA,NA,NA,NA,NA,NA,NA,NA,NA,3,3,2,2,3,2,2,3,3,3,2,2,1,6,6,1,4,4,4,5,5,5,NA,NA,NA,NA,NA,NA,NA,1,NA,NA,3,1,NA,NA,NA,NA,NA,NA,NA,NA,NA,NA,NA,NA,NA,NA,NA,1,1,1,NA,NA,NA,NA,NA,NA,NA,NA,NA,NA,NA,NA,NA,NA,NA,NA,NA,NA,1,4,3,3,3,4,2,NA,NA,NA,NA,NA,NA,NA,"","","","","","","","","","","","Scenario 3 - dominant and unattractive male","","",""
"R_2UVlVCLAvkAU98g","Default Response Set","Anonymous","","","","0",2018-02-16 07:08:48,2018-02-16 07:12:18,1,1,1,"",1,"",22,1,"",2,1,1,1,NA,NA,NA,NA,NA,NA,NA,NA,NA,NA,NA,NA,2,2,3,2,4,2,2,3,3,2,2,2,1,2,4,1,2,2,2,1,2,3,NA,NA,NA,NA,NA,NA,NA,1,NA,NA,4,1,NA,NA,NA,NA,NA,NA,NA,NA,NA,NA,NA,NA,1,1,1,NA,NA,NA,NA,NA,NA,NA,NA,NA,NA,NA,NA,NA,NA,NA,NA,NA,NA,NA,NA,NA,1,4,3,2,2,4,2,NA,NA,NA,NA,NA,NA,NA,"","","","","","","","","","","","Scenario - attractive and non-dominant male","","",""
"R_3fq1O8CpjYl21Xi","Default Response Set","Anonymous","","","","0",2018-02-22 04:10:27,2018-02-22 04:15:00,1,1,1,"",1,"",22,1,"",1,1,1,1,NA,NA,NA,NA,NA,NA,NA,NA,NA,NA,NA,NA,3,3,4,3,4,3,3,3,4,3,2,2,1,2,3,1,4,4,4,5,5,5,NA,NA,NA,NA,NA,NA,NA,1,NA,NA,6,1,NA,NA,NA,NA,NA,NA,NA,NA,NA,NA,NA,NA,NA,NA,NA,NA,NA,NA,NA,NA,NA,NA,NA,NA,NA,NA,NA,NA,NA,NA,NA,NA,NA,1,1,1,1,6,5,5,5,6,5,NA,NA,NA,NA,NA,NA,NA,"","","","","","","","","","","","Scenario 1 - attractive and dominant male","","",""
"R_NVys5zIzvr3P2IV","Default Response Set","Anonymous","","","","0",2018-02-22 04:15:04,2018-02-22 04:18:40,1,1,1,"",2,"",25,1,"",2,1,1,1,NA,NA,NA,NA,NA,NA,NA,NA,NA,NA,NA,NA,4,4,3,3,5,4,4,4,4,4,3,3,1,2,2,1,2,2,2,1,2,1,NA,NA,NA,NA,NA,NA,NA,1,NA,NA,6,1,NA,NA,NA,NA,NA,NA,NA,NA,NA,NA,NA,NA,NA,NA,NA,NA,NA,NA,1,1,1,NA,NA,NA,NA,NA,NA,NA,NA,NA,NA,NA,NA,NA,NA,NA,1,5,6,5,5,5,4,NA,NA,NA,NA,NA,NA,NA,"","","","","","","","","","","Scenario 5 - attractive and not dominant female","","","",""
"R_1DwqyUSgPLJKBLG","Default Response Set","Anonymous","","","","0",2018-02-22 04:18:43,2018-02-22 04:21:26,1,1,1,"",2,"",20,1,"",1,1,1,1,NA,NA,NA,NA,NA,NA,NA,NA,NA,NA,NA,NA,1,2,1,2,2,1,1,1,2,1,1,1,1,7,6,1,1,1,2,2,2,3,NA,NA,NA,NA,NA,NA,NA,1,NA,NA,2,1,NA,NA,NA,NA,NA,NA,NA,NA,NA,NA,NA,NA,NA,NA,NA,NA,NA,NA,NA,NA,NA,NA,NA,NA,1,1,1,NA,NA,NA,NA,NA,NA,NA,NA,NA,1,6,6,6,6,6,5,NA,NA,NA,NA,NA,NA,NA,"","","","","","","","","","","Scenario 8 - unattractive and none dominant female","","","",""
"R_DhIeObrJda0QRI5","Default Response Set","Anonymous","","","","0",2018-02-22 04:21:29,2018-02-22 04:25:50,1,1,1,"",2,"",22,1,"",2,1,1,1,NA,NA,NA,NA,NA,NA,NA,NA,NA,NA,NA,NA,4,3,4,3,5,4,5,3,4,4,4,3,1,2,2,1,4,4,4,5,4,5,NA,NA,NA,NA,NA,NA,NA,1,NA,NA,6,1,NA,NA,NA,NA,NA,NA,NA,NA,NA,NA,NA,NA,NA,NA,NA,NA,NA,NA,NA,NA,NA,NA,NA,NA,NA,NA,NA,1,1,1,NA,NA,NA,NA,NA,NA,1,6,5,5,5,6,3,NA,NA,NA,NA,NA,NA,NA,"","","","","","","","","","","Scenario 6 - attractive and dominant female","","","",""
"R_9M6uTALYbczPn0J","Default Response Set","Anonymous","","","","0",2018-02-22 04:26:08,2018-02-22 04:28:54,1,1,1,"",1,"",21,3,"",2,1,1,1,NA,NA,NA,NA,NA,NA,NA,NA,NA,NA,NA,NA,2,2,2,3,3,3,2,2,3,2,2,2,1,6,6,1,4,4,4,4,4,5,NA,NA,NA,NA,NA,NA,NA,1,NA,NA,3,1,NA,NA,NA,NA,NA,NA,1,1,1,NA,NA,NA,NA,NA,NA,NA,NA,NA,NA,NA,NA,NA,NA,NA,NA,NA,NA,NA,NA,NA,NA,NA,NA,NA,NA,NA,NA,NA,NA,NA,NA,NA,NA,1,4,3,3,2,4,1,"","","","","","","","","","Scenario 11 - dominant unattractive male for homosexuals","","","","",""
"R_242BzEUL1mDLrcZ","Default Response Set","Anonymous","","","","0",2018-02-22 04:28:58,2018-02-22 04:36:16,1,1,1,"",1,"",22,1,"",2,1,1,1,NA,NA,NA,NA,NA,NA,NA,NA,NA,NA,NA,NA,3,3,2,4,3,3,3,3,3,3,3,3,1,5,5,1,3,2,3,3,3,3,NA,NA,NA,NA,NA,NA,NA,1,NA,NA,3,1,NA,NA,NA,NA,NA,NA,NA,NA,NA,NA,NA,NA,NA,NA,NA,NA,NA,NA,NA,NA,NA,NA,NA,NA,NA,NA,NA,NA,NA,NA,1,1,1,NA,NA,NA,1,6,5,5,4,6,3,NA,NA,NA,NA,NA,NA,NA,"","","","","","","","","","","","Scenario 4 -Not Dominant and Unattractive male","","",""
"R_27qHxYY7Klk7Bq8","Default Response Set","Anonymous","","","","0",2018-02-22 04:37:33,2018-02-22 04:42:26,1,1,1,"",2,"",23,1,"",2,2,NA,NA,NA,NA,NA,NA,NA,NA,NA,NA,NA,NA,NA,NA,3,4,4,3,5,4,3,3,4,4,3,3,1,2,4,1,2,2,2,2,2,3,NA,NA,NA,NA,NA,NA,NA,1,NA,NA,5,1,NA,NA,NA,NA,NA,NA,NA,NA,NA,NA,NA,NA,NA,NA,NA,NA,NA,NA,1,1,1,NA,NA,NA,NA,NA,NA,NA,NA,NA,NA,NA,NA,NA,NA,NA,1,5,5,5,4,5,5,NA,NA,NA,NA,NA,NA,NA,"","","","","","","","","","","Scenario 5 - attractive and not dominant female","","","",""
"R_3suLBUisNxTzEXn","Default Response Set","Anonymous","","","","0",2018-02-22 04:43:08,2018-02-22 04:47:25,1,1,1,"",1,"",20,1,"",1,1,1,1,NA,NA,NA,NA,NA,NA,NA,NA,NA,NA,NA,NA,4,3,3,3,4,3,2,3,4,3,3,3,1,4,4,1,3,3,4,3,3,3,NA,NA,NA,NA,NA,NA,NA,1,NA,NA,2,1,NA,NA,NA,NA,NA,NA,NA,NA,NA,NA,NA,NA,NA,NA,NA,NA,NA,NA,NA,NA,NA,NA,NA,NA,NA,NA,NA,NA,NA,NA,NA,NA,NA,1,1,1,1,6,5,5,5,6,6,NA,NA,NA,NA,NA,NA,NA,"","","","","","","","","","","","Scenario 1 - attractive and dominant male","","",""
"R_Qm0oLibJjJaAwnL","Default Response Set","Anonymous","","","","0",2018-02-22 04:47:28,2018-02-22 04:51:57,1,1,1,"",1,"",20,1,"",1,1,1,1,NA,NA,NA,NA,NA,NA,NA,NA,NA,NA,NA,NA,2,2,3,3,3,3,3,3,4,2,2,2,1,2,3,1,2,2,1,1,1,2,NA,NA,NA,NA,NA,NA,NA,1,NA,NA,4,1,NA,NA,NA,NA,NA,NA,NA,NA,NA,NA,NA,NA,1,1,1,NA,NA,NA,NA,NA,NA,NA,NA,NA,NA,NA,NA,NA,NA,NA,NA,NA,NA,NA,NA,NA,1,3,3,3,2,3,1,NA,NA,NA,NA,NA,NA,NA,"","","","","","","","","","","","Scenario - attractive and non-dominant male","","",""
"R_ZrFTifB2dRwnt4d","Default Response Set","Anonymous","","","","0",2018-02-22 04:52:38,2018-02-22 04:55:28,1,1,1,"",1,"",24,1,"",1,1,1,1,NA,NA,NA,NA,NA,NA,NA,NA,NA,NA,NA,NA,3,3,3,4,4,3,3,3,4,3,2,2,1,6,6,1,4,4,4,5,5,5,NA,NA,NA,NA,NA,NA,NA,1,NA,NA,4,1,NA,NA,NA,NA,NA,NA,NA,NA,NA,NA,NA,NA,NA,NA,NA,1,1,1,NA,NA,NA,NA,NA,NA,NA,NA,NA,NA,NA,NA,NA,NA,NA,NA,NA,NA,1,5,4,4,4,5,3,NA,NA,NA,NA,NA,NA,NA,"","","","","","","","","","","","Scenario 3 - dominant and unattractive male","","",""
"R_OrJewtJI5upOVB7","Default Response Set","Anonymous","","","","0",2018-02-22 04:55:35,2018-02-22 05:01:05,1,1,1,"",2,"",32,1,"",1,1,1,1,NA,NA,NA,NA,NA,NA,NA,NA,NA,NA,NA,NA,2,2,1,2,2,2,2,2,2,1,2,1,1,6,6,1,4,5,5,5,4,5,NA,NA,NA,NA,NA,NA,NA,1,NA,NA,3,1,NA,NA,NA,NA,NA,NA,NA,NA,NA,NA,NA,NA,NA,NA,NA,NA,NA,NA,NA,NA,NA,1,1,1,NA,NA,NA,NA,NA,NA,NA,NA,NA,NA,NA,NA,1,6,6,6,6,6,5,NA,NA,NA,NA,NA,NA,NA,"","","","","","","","","","","Scenario 7 - unattractive and dominant female","","","",""
"R_22XpUV6MY7hLPYP","Default Response Set","Anonymous","","","","0",2018-02-22 05:01:15,2018-02-22 05:06:40,1,1,1,"",2,"",22,1,"",2,1,1,1,NA,NA,NA,NA,NA,NA,NA,NA,NA,NA,NA,NA,4,5,4,4,5,4,4,5,4,4,4,NA,1,2,3,1,5,5,5,5,5,5,NA,NA,NA,NA,NA,NA,NA,1,NA,NA,6,1,NA,NA,NA,NA,NA,NA,NA,NA,NA,NA,NA,NA,NA,NA,NA,NA,NA,NA,NA,NA,NA,NA,NA,NA,NA,NA,NA,1,1,1,NA,NA,NA,NA,NA,NA,1,6,5,5,5,5,4,NA,NA,NA,NA,NA,NA,NA,"","","","","","","","","","","Scenario 6 - attractive and dominant female","","","",""
"R_qVie2xqfmD5tCdr","Default Response Set","Anonymous","","","","0",2018-02-22 05:07:08,2018-02-22 05:09:35,1,1,1,"",2,"",19,1,"",1,1,1,1,NA,NA,NA,NA,NA,NA,NA,NA,NA,NA,NA,NA,3,2,2,3,3,2,2,3,3,1,2,2,1,7,6,1,1,1,2,2,1,2,NA,NA,NA,NA,NA,NA,NA,1,NA,NA,3,1,NA,NA,NA,NA,NA,NA,NA,NA,NA,NA,NA,NA,NA,NA,NA,NA,NA,NA,NA,NA,NA,NA,NA,NA,1,1,1,NA,NA,NA,NA,NA,NA,NA,NA,NA,1,6,5,5,5,6,4,NA,NA,NA,NA,NA,NA,NA,"","","","","","","","","","","Scenario 8 - unattractive and none dominant female","","","",""
"R_2vkKuZtgEyK19ZE","Default Response Set","Anonymous","","","","0",2018-02-22 05:12:35,2018-02-22 05:18:07,1,1,1,"",1,"",22,1,"",1,1,1,1,NA,NA,NA,NA,NA,NA,NA,NA,NA,NA,NA,NA,2,1,1,2,2,1,2,2,3,1,1,1,1,6,6,1,1,1,1,2,2,2,NA,NA,NA,NA,NA,NA,NA,1,NA,NA,2,1,NA,NA,NA,NA,NA,NA,NA,NA,NA,NA,NA,NA,NA,NA,NA,NA,NA,NA,NA,NA,NA,NA,NA,NA,NA,NA,NA,NA,NA,NA,1,1,1,NA,NA,NA,1,3,3,2,2,3,2,NA,NA,NA,NA,NA,NA,NA,"","","","","","","","","","","","Scenario 4 -Not Dominant and Unattractive male","","",""
"R_POpdufqNMKgu4Df","Default Response Set","Anonymous","","","","0",2018-02-22 05:19:15,2018-02-22 05:19:45,1,1,1,"",2,"",20,1,"",2,1,1,1,NA,NA,NA,NA,NA,NA,NA,NA,NA,NA,NA,NA,4,4,3,3,4,3,4,4,4,4,3,3,1,3,4,1,1,2,2,1,1,1,NA,NA,NA,NA,NA,NA,NA,1,NA,NA,5,1,NA,NA,NA,NA,NA,NA,NA,NA,NA,NA,NA,NA,NA,NA,NA,NA,NA,NA,NA,NA,NA,1,1,1,NA,NA,NA,NA,NA,NA,NA,NA,NA,NA,NA,NA,1,5,4,4,4,5,3,NA,NA,NA,NA,NA,NA,NA,"","","","","","","","","","","Scenario 5 - attractive and not dominant female","","","",""
"R_3ilg69dMwOcytQu","Default Response Set","Anonymous","","","","0",2018-02-22 05:18:15,2018-02-22 05:28:48,1,1,1,"",1,"",21,1,"",2,1,1,1,NA,NA,NA,NA,NA,NA,NA,NA,NA,NA,NA,NA,3,4,4,4,4,3,3,2,4,3,3,3,1,3,3,1,3,3,3,3,3,3,NA,NA,NA,NA,NA,NA,NA,1,NA,NA,4,1,NA,NA,NA,NA,NA,NA,NA,NA,NA,NA,NA,NA,NA,NA,NA,NA,NA,NA,NA,NA,NA,NA,NA,NA,NA,NA,NA,NA,NA,NA,NA,NA,NA,1,1,1,1,4,4,3,2,4,2,NA,NA,NA,NA,NA,NA,NA,"","","","","","","","","","","","Scenario 1 - attractive and dominant male","","",""
"R_3fTTXcLwKhM8ikV","Default Response Set","Anonymous","","","","0",2018-02-22 05:29:02,2018-02-22 05:38:23,1,1,1,"",1,"",22,1,"",1,1,1,1,NA,NA,NA,NA,NA,NA,NA,NA,NA,NA,NA,NA,2,2,2,1,2,2,2,1,2,2,2,2,1,5,5,1,2,2,1,1,2,1,NA,NA,NA,NA,NA,NA,NA,1,NA,NA,3,1,NA,NA,NA,NA,NA,NA,NA,NA,NA,NA,NA,NA,NA,NA,NA,NA,NA,NA,NA,NA,NA,NA,NA,NA,NA,NA,NA,NA,NA,NA,1,1,1,NA,NA,NA,1,4,3,2,2,4,2,NA,NA,NA,NA,NA,NA,NA,"","","","","","","","","","","","Scenario 4 -Not Dominant and Unattractive male","","",""
"R_UmCoFPIeXiofnah","Default Response Set","Anonymous","","","","0",2018-02-22 05:38:52,2018-02-22 05:45:22,1,1,1,"",1,"",18,1,"",2,1,1,1,NA,NA,NA,NA,NA,NA,NA,NA,NA,NA,NA,NA,3,3,3,4,4,3,2,2,4,3,2,2,1,6,6,1,4,4,4,5,4,5,NA,NA,NA,NA,NA,NA,NA,1,NA,NA,3,1,NA,NA,NA,NA,NA,NA,NA,NA,NA,NA,NA,NA,NA,NA,NA,1,1,1,NA,NA,NA,NA,NA,NA,NA,NA,NA,NA,NA,NA,NA,NA,NA,NA,NA,NA,1,5,5,5,4,5,3,NA,NA,NA,NA,NA,NA,NA,"","","","","","","","","","","","Scenario 3 - dominant and unattractive male","","",""
"R_3ipXn8qdksFRTef","Default Response Set","Anonymous","","","","0",2018-02-22 05:23:40,2018-02-22 07:18:55,1,1,1,"",2,"",27,1,"",2,1,1,1,NA,NA,NA,NA,NA,NA,NA,NA,NA,NA,NA,NA,3,2,2,3,4,3,3,2,3,4,3,3,1,2,3,1,2,1,2,1,1,1,NA,NA,NA,NA,NA,NA,NA,1,NA,NA,4,1,NA,NA,NA,NA,NA,NA,NA,NA,NA,NA,NA,NA,NA,NA,NA,NA,NA,NA,1,1,1,NA,NA,NA,NA,NA,NA,NA,NA,NA,NA,NA,NA,NA,NA,NA,1,5,4,5,5,4,4,NA,NA,NA,NA,NA,NA,NA,"","","","","","","","","","","Scenario 5 - attractive and not dominant female","","","",""
"R_1HdekAGRsVWAnTZ","Default Response Set","Anonymous","","","","0",2018-02-22 07:19:37,2018-02-22 07:21:49,1,1,1,"",1,"",24,1,"",1,1,1,1,NA,NA,NA,NA,NA,NA,NA,NA,NA,NA,NA,NA,5,4,5,4,5,5,5,4,5,5,5,5,1,1,1,1,3,3,2,3,2,2,NA,NA,NA,NA,NA,NA,NA,1,NA,NA,2,1,NA,NA,NA,NA,NA,NA,NA,NA,NA,NA,NA,NA,1,1,1,NA,NA,NA,NA,NA,NA,NA,NA,NA,NA,NA,NA,NA,NA,NA,NA,NA,NA,NA,NA,NA,1,2,2,3,2,3,3,NA,NA,NA,NA,NA,NA,NA,"","","","","","","","","","","","Scenario - attractive and non-dominant male","","",""
"R_26mBx88rH1iMA28","Default Response Set","Anonymous","","","","0",2018-02-22 07:19:29,2018-02-22 07:22:50,1,1,1,"",1,"",21,1,"",1,1,1,1,NA,NA,NA,NA,NA,NA,NA,NA,NA,NA,NA,NA,2,2,2,2,3,2,3,2,3,3,2,2,1,2,3,1,1,2,2,1,2,3,NA,NA,NA,NA,NA,NA,NA,1,NA,NA,3,1,NA,NA,NA,NA,NA,NA,NA,NA,NA,NA,NA,NA,1,1,1,NA,NA,NA,NA,NA,NA,NA,NA,NA,NA,NA,NA,NA,NA,NA,NA,NA,NA,NA,NA,NA,1,4,3,2,2,4,2,NA,NA,NA,NA,NA,NA,NA,"","","","","","","","","","","","Scenario - attractive and non-dominant male","","",""
"R_2yjgM68fm2G31X4","Default Response Set","Anonymous","","","","0",2018-02-22 07:21:51,2018-02-22 07:23:39,1,1,1,"",1,"",22,1,"",2,1,1,1,NA,NA,NA,NA,NA,NA,NA,NA,NA,NA,NA,NA,4,4,4,5,5,5,4,4,4,4,4,5,1,5,5,1,5,5,5,5,5,5,NA,NA,NA,NA,NA,NA,NA,1,NA,NA,2,1,NA,NA,NA,NA,NA,NA,NA,NA,NA,NA,NA,NA,NA,NA,NA,1,1,1,NA,NA,NA,NA,NA,NA,NA,NA,NA,NA,NA,NA,NA,NA,NA,NA,NA,NA,1,2,3,4,4,3,4,NA,NA,NA,NA,NA,NA,NA,"","","","","","","","","","","","Scenario 3 - dominant and unattractive male","","",""
"R_OlLUkVpr0gv45B7","Default Response Set","Anonymous","","","","0",2018-02-22 07:23:02,2018-02-22 07:25:36,1,1,1,"",1,"",24,1,"",2,1,1,1,NA,NA,NA,NA,NA,NA,NA,NA,NA,NA,NA,NA,4,3,4,4,4,3,4,3,4,4,3,2,1,2,3,1,4,4,5,5,4,4,NA,NA,NA,NA,NA,NA,NA,1,NA,NA,6,1,NA,NA,NA,NA,NA,NA,NA,NA,NA,NA,NA,NA,NA,NA,NA,NA,NA,NA,NA,NA,NA,NA,NA,NA,NA,NA,NA,NA,NA,NA,NA,NA,NA,1,1,1,1,5,5,5,4,5,4,NA,NA,NA,NA,NA,NA,NA,"","","","","","","","","","","","Scenario 1 - attractive and dominant male","","",""
"R_xDtUxOwBhf0N3sR","Default Response Set","Anonymous","","","","0",2018-02-22 07:24:29,2018-02-22 07:26:29,1,1,1,"",1,"",23,1,"",2,1,1,1,NA,NA,NA,NA,NA,NA,NA,NA,NA,NA,NA,NA,2,2,1,3,1,2,1,1,2,1,2,2,1,7,7,1,1,1,1,1,1,1,NA,NA,NA,NA,NA,NA,NA,1,NA,NA,7,1,NA,NA,NA,NA,NA,NA,NA,NA,NA,NA,NA,NA,NA,NA,NA,NA,NA,NA,NA,NA,NA,NA,NA,NA,NA,NA,NA,NA,NA,NA,1,1,1,NA,NA,NA,1,3,4,3,3,4,5,NA,NA,NA,NA,NA,NA,NA,"","","","","","","","","","","","Scenario 4 -Not Dominant and Unattractive male","","",""
"R_22PvPzvEFxPl3a6","Default Response Set","Anonymous","","","","0",2018-02-22 07:25:47,2018-02-22 07:29:10,1,1,1,"",1,"",23,1,"",1,1,1,1,NA,NA,NA,NA,NA,NA,NA,NA,NA,NA,NA,NA,3,3,2,3,4,3,3,3,3,4,3,2,1,2,3,1,3,3,3,3,3,3,NA,NA,NA,NA,NA,NA,NA,1,NA,NA,2,1,NA,NA,NA,NA,NA,NA,NA,NA,NA,NA,NA,NA,NA,NA,NA,NA,NA,NA,NA,NA,NA,NA,NA,NA,NA,NA,NA,NA,NA,NA,NA,NA,NA,1,1,1,1,7,5,5,5,6,4,NA,NA,NA,NA,NA,NA,NA,"","","","","","","","","","","","Scenario 1 - attractive and dominant male","","",""
"R_1QLMFmhbCg9ci8p","Default Response Set","Anonymous","","","","0",2018-02-22 07:26:33,2018-02-22 07:29:40,1,1,1,"",2,"",22,3,"",2,1,1,1,1,1,1,NA,NA,NA,NA,NA,NA,NA,NA,NA,5,4,5,5,5,4,4,4,4,4,4,5,1,1,1,1,5,5,5,5,4,4,NA,NA,NA,NA,NA,NA,NA,1,NA,NA,5,1,NA,NA,NA,NA,NA,NA,NA,NA,NA,NA,NA,NA,NA,NA,NA,NA,NA,NA,NA,NA,NA,NA,NA,NA,NA,NA,NA,NA,NA,NA,NA,NA,NA,NA,NA,NA,NA,NA,NA,NA,NA,NA,NA,1,5,5,5,6,6,7,"","","","","","","","","Scenario 13 - dominant and attractive female for homosexuals","","","","","",""
"R_STqLYAplfRLvNJv","Default Response Set","Anonymous","","","","0",2018-02-22 07:29:13,2018-02-22 07:31:57,1,1,1,"",2,"",19,1,"",2,1,1,1,NA,NA,NA,NA,NA,NA,NA,NA,NA,NA,NA,NA,4,4,4,5,5,4,5,4,4,4,4,4,1,1,2,1,4,4,5,5,4,5,NA,NA,NA,NA,NA,NA,NA,1,NA,NA,6,1,NA,NA,NA,NA,NA,NA,NA,NA,NA,NA,NA,NA,NA,NA,NA,NA,NA,NA,NA,NA,NA,NA,NA,NA,NA,NA,NA,1,1,1,NA,NA,NA,NA,NA,NA,1,5,4,4,3,4,2,NA,NA,NA,NA,NA,NA,NA,"","","","","","","","","","","Scenario 6 - attractive and dominant female","","","",""
"R_2SIwEOjjC6UOLmN","Default Response Set","Anonymous","","","","0",2018-02-22 07:32:09,2018-02-22 07:34:52,1,1,1,"",1,"",22,1,"",2,1,1,1,NA,NA,NA,NA,NA,NA,NA,NA,NA,NA,NA,NA,2,3,2,2,3,2,3,1,3,3,2,2,1,3,3,1,2,2,1,2,1,1,NA,NA,NA,NA,NA,NA,NA,1,NA,NA,2,1,NA,NA,NA,NA,NA,NA,NA,NA,NA,NA,NA,NA,1,1,1,NA,NA,NA,NA,NA,NA,NA,NA,NA,NA,NA,NA,NA,NA,NA,NA,NA,NA,NA,NA,NA,1,3,3,3,2,3,1,NA,NA,NA,NA,NA,NA,NA,"","","","","","","","","","","","Scenario - attractive and non-dominant male","","",""
"R_eX9LocNuIRe7h8B","Default Response Set","Anonymous","","","","0",2018-02-22 07:35:10,2018-02-22 07:37:40,1,1,1,"",2,"",22,2,"",1,1,1,1,NA,NA,NA,NA,NA,NA,1,1,1,NA,NA,NA,1,2,1,2,2,2,2,1,2,1,1,1,1,7,7,1,4,4,5,4,4,4,1,6,6,6,6,6,7,1,NA,NA,3,1,NA,NA,NA,NA,NA,NA,NA,NA,NA,NA,NA,NA,NA,NA,NA,NA,NA,NA,NA,NA,NA,NA,NA,NA,NA,NA,NA,NA,NA,NA,NA,NA,NA,NA,NA,NA,NA,NA,NA,NA,NA,NA,NA,NA,NA,NA,NA,NA,NA,NA,"Scenario 15 - dominant and unattractive female for homosexuals","","","","","","","","","","","","","",""
"R_3hrxksbI2xrQD9T","Default Response Set","Anonymous","","","","0",2018-02-22 07:29:42,2018-02-22 07:39:59,1,1,1,"",1,"",23,1,"",2,1,1,1,NA,NA,NA,NA,NA,NA,NA,NA,NA,NA,NA,NA,2,2,1,4,2,1,1,1,1,1,1,1,1,7,7,1,4,4,4,5,4,4,NA,NA,NA,NA,NA,NA,NA,1,NA,NA,1,1,NA,NA,NA,NA,NA,NA,NA,NA,NA,NA,NA,NA,NA,NA,NA,1,1,1,NA,NA,NA,NA,NA,NA,NA,NA,NA,NA,NA,NA,NA,NA,NA,NA,NA,NA,1,7,7,7,7,7,7,NA,NA,NA,NA,NA,NA,NA,"","","","","","","","","","","","Scenario 3 - dominant and unattractive male","","",""
"R_s5VQmrrkqhZ0rjH","Default Response Set","Anonymous","","","","0",2018-02-22 07:42:01,2018-02-22 07:42:34,1,1,1,"",2,"",21,1,"",2,1,1,1,NA,NA,NA,NA,NA,NA,NA,NA,NA,NA,NA,NA,2,1,1,1,2,2,2,1,2,1,1,1,1,6,6,1,4,4,4,5,5,4,NA,NA,NA,NA,NA,NA,NA,1,NA,NA,3,1,NA,NA,NA,NA,NA,NA,NA,NA,NA,NA,NA,NA,NA,NA,NA,NA,NA,NA,1,1,1,NA,NA,NA,NA,NA,NA,NA,NA,NA,NA,NA,NA,NA,NA,NA,1,6,6,5,5,6,3,NA,NA,NA,NA,NA,NA,NA,"","","","","","","","","","","Scenario 7 - unattractive and dominant female","","","",""
"R_pxSq42Y5zP5cZUd","Default Response Set","Anonymous","","","","0",2018-02-22 07:40:54,2018-02-22 07:43:01,1,1,1,"",2,"",24,1,"",1,1,1,1,NA,NA,NA,NA,NA,NA,NA,NA,NA,NA,NA,NA,1,1,1,1,1,1,1,1,1,1,1,1,1,7,7,1,2,1,1,2,1,1,NA,NA,NA,NA,NA,NA,NA,1,NA,NA,6,1,NA,NA,NA,NA,NA,NA,NA,NA,NA,NA,NA,NA,NA,NA,NA,NA,NA,NA,NA,NA,NA,NA,NA,NA,1,1,1,NA,NA,NA,NA,NA,NA,NA,NA,NA,1,6,7,7,7,7,5,NA,NA,NA,NA,NA,NA,NA,"","","","","","","","","","","Scenario 8 - unattractive and none dominant female","","","",""
"R_3QMd5cwIYSYU7xU","Default Response Set","Anonymous","","","","0",2018-02-22 07:44:05,2018-02-22 07:46:47,1,1,1,"",1,"",23,1,"",1,1,1,1,NA,NA,NA,NA,NA,NA,NA,NA,NA,NA,NA,NA,2,2,2,2,2,1,2,1,2,1,1,1,1,6,6,1,1,2,2,1,2,2,NA,NA,NA,NA,NA,NA,NA,1,NA,NA,3,1,NA,NA,NA,NA,NA,NA,NA,NA,NA,NA,NA,NA,NA,NA,NA,NA,NA,NA,NA,NA,NA,NA,NA,NA,NA,NA,NA,NA,NA,NA,1,1,1,NA,NA,NA,1,5,5,4,3,5,3,NA,NA,NA,NA,NA,NA,NA,"","","","","","","","","","","","Scenario 4 -Not Dominant and Unattractive male","","",""
"R_0DjRhO0GH0vWfOF","Default Response Set","Anonymous","","","","0",2018-02-22 07:43:03,2018-02-22 07:47:18,1,1,1,"",1,"",21,1,"",2,1,1,1,NA,NA,NA,NA,NA,NA,NA,NA,NA,NA,NA,NA,3,4,3,4,4,3,4,3,4,3,4,4,1,7,5,1,2,1,1,2,2,2,NA,NA,NA,NA,NA,NA,NA,1,NA,NA,1,1,NA,NA,NA,NA,NA,NA,NA,NA,NA,NA,NA,NA,NA,NA,NA,NA,NA,NA,NA,NA,NA,NA,NA,NA,NA,NA,NA,NA,NA,NA,1,1,1,NA,NA,NA,1,3,3,2,3,2,5,NA,NA,NA,NA,NA,NA,NA,"","","","","","","","","","","","Scenario 4 -Not Dominant and Unattractive male","","",""
"R_2f8ukjONhEIafXC","Default Response Set","Anonymous","","","","0",2018-02-22 07:46:51,2018-02-22 07:50:01,1,1,1,"",2,"",22,1,"",1,1,1,1,NA,NA,NA,NA,NA,NA,NA,NA,NA,NA,NA,NA,2,2,1,2,2,2,2,1,2,1,2,1,1,6,6,1,4,4,4,4,5,5,NA,NA,NA,NA,NA,NA,NA,1,NA,NA,2,1,NA,NA,NA,NA,NA,NA,NA,NA,NA,NA,NA,NA,NA,NA,NA,NA,NA,NA,NA,NA,NA,1,1,1,NA,NA,NA,NA,NA,NA,NA,NA,NA,NA,NA,NA,1,6,5,5,5,6,5,NA,NA,NA,NA,NA,NA,NA,"","","","","","","","","","","Scenario 7 - unattractive and dominant female","","","",""
"R_8ugsxTonoHMTxPr","Default Response Set","Anonymous","","","","0",2018-02-22 07:50:09,2018-02-22 07:53:04,1,1,1,"",1,"",20,1,"",2,1,1,1,NA,NA,NA,NA,NA,NA,NA,NA,NA,NA,NA,NA,4,4,5,5,5,4,4,4,5,4,4,3,1,2,4,1,4,5,4,5,5,5,NA,NA,NA,NA,NA,NA,NA,1,NA,NA,6,1,NA,NA,NA,NA,NA,NA,NA,NA,NA,NA,NA,NA,NA,NA,NA,NA,NA,NA,NA,NA,NA,NA,NA,NA,NA,NA,NA,NA,NA,NA,NA,NA,NA,1,1,1,1,7,5,6,5,6,4,NA,NA,NA,NA,NA,NA,NA,"","","","","","","","","","","","Scenario 1 - attractive and dominant male","","",""
"R_W2IpvNmJQB58Mb7","Default Response Set","Anonymous","","","","0",2018-02-22 07:47:25,2018-02-22 07:54:35,1,1,1,"",1,"",24,1,"",2,1,1,1,NA,NA,NA,NA,NA,NA,NA,NA,NA,NA,NA,NA,2,3,2,3,3,2,1,2,2,2,1,1,1,6,6,1,4,5,4,5,3,4,NA,NA,NA,NA,NA,NA,NA,1,NA,NA,6,1,NA,NA,NA,NA,NA,NA,NA,NA,NA,NA,NA,NA,NA,NA,NA,1,1,1,NA,NA,NA,NA,NA,NA,NA,NA,NA,NA,NA,NA,NA,NA,NA,NA,NA,NA,1,5,4,4,4,5,4,NA,NA,NA,NA,NA,NA,NA,"","","","","","","","","","","","Scenario 3 - dominant and unattractive male","","",""
"R_2CyayVstnnMRyjr","Default Response Set","Anonymous","","","","0",2018-02-22 07:54:38,2018-02-22 07:56:52,1,1,1,"",1,"",25,1,"",1,1,1,1,NA,NA,NA,NA,NA,NA,NA,NA,NA,NA,NA,NA,4,4,2,3,4,2,2,2,1,4,3,3,1,1,3,1,3,2,3,1,2,3,NA,NA,NA,NA,NA,NA,NA,1,NA,NA,7,1,NA,NA,NA,NA,NA,NA,NA,NA,NA,NA,NA,NA,1,1,1,NA,NA,NA,NA,NA,NA,NA,NA,NA,NA,NA,NA,NA,NA,NA,NA,NA,NA,NA,NA,NA,1,5,3,3,4,5,3,NA,NA,NA,NA,NA,NA,NA,"","","","","","","","","","","","Scenario - attractive and non-dominant male","","",""
"R_1oG2JedZ39F2l01","Default Response Set","Anonymous","","","","0",2018-02-22 07:56:55,2018-02-22 08:02:28,1,1,1,"",1,"",24,1,"",2,1,1,1,NA,NA,NA,NA,NA,NA,NA,NA,NA,NA,NA,NA,1,2,1,2,1,1,1,1,1,1,1,1,1,7,7,1,2,1,1,2,1,1,NA,NA,NA,NA,NA,NA,NA,1,NA,NA,NA,1,NA,NA,NA,NA,NA,NA,NA,NA,NA,NA,NA,NA,NA,NA,NA,NA,NA,NA,NA,NA,NA,NA,NA,NA,NA,NA,NA,NA,NA,NA,1,1,1,NA,NA,NA,1,5,5,5,6,6,6,NA,NA,NA,NA,NA,NA,NA,"","","","","","","","","","","","Scenario 4 -Not Dominant and Unattractive male","","",""
"R_3OrJsorzt4TUIs9","Default Response Set","Anonymous","","","","0",2018-02-22 08:02:37,2018-02-22 08:04:42,1,1,1,"",2,"",20,1,"",2,1,1,1,NA,NA,NA,NA,NA,NA,NA,NA,NA,NA,NA,NA,3,4,2,3,4,4,4,3,4,2,3,3,1,6,6,1,2,1,2,2,2,2,NA,NA,NA,NA,NA,NA,NA,1,NA,NA,3,1,NA,NA,NA,NA,NA,NA,NA,NA,NA,NA,NA,NA,NA,NA,NA,NA,NA,NA,NA,NA,NA,NA,NA,NA,1,1,1,NA,NA,NA,NA,NA,NA,NA,NA,NA,1,4,4,5,4,4,6,NA,NA,NA,NA,NA,NA,NA,"","","","","","","","","","","Scenario 8 - unattractive and none dominant female","","","",""
"R_3lY4YIQLOGXxOud","Default Response Set","Anonymous","","","","0",2018-02-22 08:08:12,2018-02-22 08:11:04,1,1,1,"",1,"",23,1,"",2,1,1,1,NA,NA,NA,NA,NA,NA,NA,NA,NA,NA,NA,NA,2,2,1,1,3,2,2,1,1,1,2,2,1,7,6,1,4,5,4,5,4,5,NA,NA,NA,NA,NA,NA,NA,1,NA,NA,2,1,NA,NA,NA,NA,NA,NA,NA,NA,NA,NA,NA,NA,NA,NA,NA,1,1,1,NA,NA,NA,NA,NA,NA,NA,NA,NA,NA,NA,NA,NA,NA,NA,NA,NA,NA,1,6,5,6,5,5,4,NA,NA,NA,NA,NA,NA,NA,"","","","","","","","","","","","Scenario 3 - dominant and unattractive male","","",""
"R_1lgUMzpOinvhx3y","Default Response Set","Anonymous","","","","0",2018-02-22 07:43:22,2018-02-22 07:43:34,0,1,NA,"",NA,"",NA,NA,"",NA,NA,NA,NA,NA,NA,NA,NA,NA,NA,NA,NA,NA,NA,NA,NA,NA,NA,NA,NA,NA,NA,NA,NA,NA,NA,NA,NA,NA,NA,NA,NA,NA,NA,NA,NA,NA,NA,NA,NA,NA,NA,NA,NA,NA,NA,NA,NA,NA,NA,NA,NA,NA,NA,NA,NA,NA,NA,NA,NA,NA,NA,NA,NA,NA,NA,NA,NA,NA,NA,NA,NA,NA,NA,NA,NA,NA,NA,NA,NA,NA,NA,NA,NA,NA,NA,NA,NA,NA,NA,NA,NA,NA,NA,NA,NA,NA,NA,NA,NA,"","","","","","","","","","","","","","",""
